FirstName,LastName,Email,SourceId
Hansgeorg,Hass,hansgeorg.hass@example.com,6476c62f-9c9d-406b-af30-d1567f1005f0
Montserrat,Gómez,montserrat.gomez@example.com,0b199145-4224-4eb5-a5d4-23246677bec1
Bastian,Wong,bastian.wong@example.com,7841f519-3baa-42bd-ade3-343ff88a09b4
Victor,Rasmussen,victor.rasmussen@example.com,46369551-ab48-4006-86b9-69ed70fca948
Dorothea,Louis,dorothea.louis@example.com,518df046-fdc6-4ccc-88aa-deac1a5cf509
Saana,Maki,saana.maki@example.com,13844357-3c81-4310-ba02-b39ddd799f02
Agripina,Fedorchenko,agripina.fedorchenko@example.com,88b7e31c-db89-4013-9232-5ce9906ac28d
Wyatt,Wheeler,wyatt.wheeler@example.com,b5caca59-d8a5-4421-a7ed-5bdfd902fd6d
Louane,Carpentier,louane.carpentier@example.com,d99ba91e-93ce-4fb3-86fa-0e3869f63dd4
Margarita,García,margarita.garcia@example.com,3cf755be-9d80-48a7-9fb1-ae60fb673ffb
Raúl,Amador,raul.amador@example.com,86ea4804-eb31-482f-9371-435772d5b09d
Steven,Hunt,steven.hunt@example.com,c27369ff-537a-4667-97a7-89f841c7651f
Luis,Cole,luis.cole@example.com,c5cf04bb-6b54-4093-b8c7-d31855dea2f9
Hithakshi,Tipparti,hithakshi.tipparti@example.com,0adea560-f978-49a3-a4bc-711dcdc470f4
Tônia,Caldeira,tonia.caldeira@example.com,b161d309-1be5-47c8-8a57-e6b28a3baab6
Courtney,Balm,courtney.balm@example.com,7cf05310-e37a-49b5-8d2d-6d92a5ca58c2
زهرا,علیزاده,zhr.aalyzdh@example.com,bd7bfb31-a1c0-47a1-99da-53fb8875e7d1
Dorofeya,Anishchenko,dorofeya.anishchenko@example.com,4f394b94-d9bf-43cf-be0f-da1dab5e6bd3
Charly,David,charly.david@example.com,20705dc8-91ff-4c44-8472-79ba6c0da717
Nieves,Ibáñez,nieves.ibanez@example.com,c4703a58-8cd1-425b-be79-41a0093b1cc0
Victoria,Fortin,victoria.fortin@example.com,5f49b3cc-7f85-4e7f-9758-8b5844c5fd14
Katalina,Katanić,katalina.katanic@example.com,d06a05eb-e948-4535-b1ca-202a174a2452
Helmi,Latvala,helmi.latvala@example.com,ef435ff6-47ff-40af-8061-1a8a28d2fbbc
Vojislava,Blagojević,vojislava.blagojevic@example.com,543798e4-f608-489d-8ba8-397f688d7c6a
Elif,Akaydın,elif.akaydin@example.com,07cc78de-18ef-409b-8ba8-c512792b7d40
Onni,Luoma,onni.luoma@example.com,1c3564d3-c64c-48ce-81ae-327873bde80f
Nagesh,Padmanabha,nagesh.padmanabha@example.com,5e5b7a46-2b13-423a-8981-d7ab206b02f0
Alois,Denis,alois.denis@example.com,b01f1853-604e-4ff0-ad0a-45f3b91451f5
Jesus,Carlson,jesus.carlson@example.com,44b3b823-3654-4ee3-bfd1-5199977a1028
Emiliano,Cantú,emiliano.cantu@example.com,47a40976-8b33-42e7-adf3-57eacda0e484
Aubin,Denis,aubin.denis@example.com,dec30c26-bc08-4968-a742-dc08e7f34fa1
Helga,Olivier,helga.olivier@example.com,cd649c95-7466-4221-bcf3-6a6c9fadfe55
Gabriel,Rogers,gabriel.rogers@example.com,202f6bbe-1ca3-4872-872b-c06f47f759b6
Theo,Lowe,theo.lowe@example.com,c37553b7-7c64-48b3-b47b-6a8c9b3da7eb
Jimmy,Martinez,jimmy.martinez@example.com,5ede2d5b-4139-41df-8941-0c8fc8cfdf59
Megan,Newman,megan.newman@example.com,00f20692-f917-45cf-bc5a-39fab5756458
Dorothee,Linn,dorothee.linn@example.com,65f42aad-f646-4bd1-ad52-cb82abd055aa
David,Simpson,david.simpson@example.com,85c595ed-b5db-4e35-aa6c-9ecd2ca5f472
Elli,Oja,elli.oja@example.com,b57c433f-05aa-464c-b288-4cabbb459453
Bettina,Perez,bettina.perez@example.com,1bb7daf0-cbb0-4e2e-8ecb-56db18228030
Charles,Mackay,charles.mackay@example.com,7fad0d42-a1c5-4b12-8f73-c745df50c6f0
Justine,Young,justine.young@example.com,2056e157-26be-436c-91f3-f79137388467
Abigail,Campbell,abigail.campbell@example.com,ef250b86-4681-44ef-b1db-a37a141056eb
Lotta,Seppanen,lotta.seppanen@example.com,a728aa19-b932-4a80-999b-28aa5f471047
Rashmitha,Mardhekar,rashmitha.mardhekar@example.com,f55ec92e-326b-4ef4-8ada-69cefddec1a4
Melvin,Bourgeois,melvin.bourgeois@example.com,bb592703-8f30-43a8-910d-16f9ad3c3973
Jantje,Moen,jantje.moen@example.com,4fb0d30a-1556-48ff-9cd8-e687f081aed3
Ruben,Petit,ruben.petit@example.com,fdd1987d-366f-41e5-82d6-42e66260ace6
پریا,محمدخان,pry.mhmdkhn@example.com,c15c5c0a-9e8a-4132-a619-048a54067092
Akseli,Perala,akseli.perala@example.com,a3ff5263-e04b-4f0b-9f54-b244df586b4c
Rombout,Verkerke,rombout.verkerke@example.com,41373375-97e5-498c-b5b2-5ecf1078ebdb
Sam,Lee,sam.lee@example.com,8adf8303-6c4e-4646-92b6-cb37ca69763e
Rose,Ma,rose.ma@example.com,64799dcf-93a2-469d-812a-86718e7ef384
Fátima,Bravo,fatima.bravo@example.com,104e045c-3309-4e82-a789-3f3f06e37fa5
Ashley,Daniels,ashley.daniels@example.com,f8dac89d-abeb-4f15-8702-578970e88d6a
Lukas,Da Silva,lukas.dasilva@example.com,7f3e6b7b-eb69-42b3-8a9c-fe992b012601
آدرین,رضایی,adryn.rdyy@example.com,74638389-5d3b-456d-a5cd-e381916f1e06
Tomas,Lefevre,tomas.lefevre@example.com,6d0afd9e-e4c1-4b26-8967-aba89afde49a
Madison,Martin,madison.martin@example.com,5269aab5-a186-44c2-a7cf-47b1f846e809
Nurdan,Alpuğan,nurdan.alpugan@example.com,3f38411d-8c76-48c1-a2b4-d0a7cd822a82
Elio,Roussel,elio.roussel@example.com,a0f4234d-4ad6-46af-93d6-3d441bae9fc8
Debbie,Turner,debbie.turner@example.com,b1924628-5ee7-4854-8f2c-0683c72e4a29
Katie,Austin,katie.austin@example.com,49f2a24b-661d-4342-97f8-e5d2a6384c89
Ronja,Huhta,ronja.huhta@example.com,467c0d2e-a2f8-496a-8d41-24414ad2274d
Camilo,Van de Polder,camilo.vandepolder@example.com,2c6e839a-96f4-4eb3-95b0-7e7d5dde4d70
Mounia,Mens,mounia.mens@example.com,9458b62b-bf9c-45d6-a607-17394c288582
آرش,نجاتی,arsh.njty@example.com,ff14524d-e399-4bae-8212-381b089a9af6
Layla,Clarke,layla.clarke@example.com,481ac003-c3d1-4d22-b2c5-d0c1dafb8c5f
Ramon,Garrett,ramon.garrett@example.com,e39cded4-870e-4764-b06a-eb6e7958bd68
Bruce,Howard,bruce.howard@example.com,91fea644-1d37-446f-8072-52c199a1d027
Diane,Strauß,diane.strauss@example.com,40c0fe52-aaf9-4736-9c2e-133e96c9e2f4
Louise,Gonzales,louise.gonzales@example.com,66f5b7f4-960d-4ad3-9647-1815e5daa94f
Charlotte,Jones,charlotte.jones@example.com,2bcc7bec-6745-4257-a5af-82ff3773fba7
Quentin,Morel,quentin.morel@example.com,536bf4a2-ccf4-4d55-8899-b36ba4fd4147
Anna,Morris,anna.morris@example.com,54ff9ea7-9c1d-45cf-b07d-91475ba42f2f
Raksha,Babu,raksha.babu@example.com,d60bd161-bae7-4ba7-8012-3203af97ef2e
Terry,Dean,terry.dean@example.com,15ad2147-a772-4142-becc-9bfae266f54e
Detlef,Wohlfahrt,detlef.wohlfahrt@example.com,10b5c8d5-7316-42b8-8524-8b950bf7d0c5
Rose,Armstrong,rose.armstrong@example.com,daa4bd63-a7d9-44e9-a98a-c3c18ca5ab95
Aada,Autio,aada.autio@example.com,11c9254d-4c6f-4781-9858-f41ad7711089
علی,کریمی,aaly.khrymy@example.com,af5d0b63-a1bf-492e-a2dc-60e59a5fbc2e
Carter,Ginnish,carter.ginnish@example.com,8dc96e2c-c6a5-4b6d-8def-0974bb67e250
اميرحسين,نجاتی,myrhsyn.njty@example.com,b48bd2ab-8dbe-4e5b-8b68-fc33a1783dad
Genesis,Martin,genesis.martin@example.com,174bae07-a666-48a0-b719-aab5966dc606
Bozhedar,Iesipenko,bozhedar.iesipenko@example.com,bd3a7ed1-d594-4bd3-8fbf-f0e850d25c16
Oskar,Gerard,oskar.gerard@example.com,371d14de-9de9-41db-8d9f-b2e7ef541647
Julius,Lampi,julius.lampi@example.com,8a038bbc-b07c-4076-b63d-0550bc69b9f1
Dragoslav,Pištalo,dragoslav.pistalo@example.com,7440f7e0-e982-4ce8-9b22-e8095eb4d21b
Kimberly,Price,kimberly.price@example.com,ee12ccac-2fa4-400b-b1f1-3b14e290fdde
Manuela,Hernández,manuela.hernandez@example.com,8f3a75b1-1f2e-412f-b6ec-88ea4b053a67
Jarbas,Souza,jarbas.souza@example.com,8a068115-aacb-43e2-ae1a-51066877620a
Charlie,Francois,charlie.francois@example.com,a34e67b0-60ae-4d81-8d3e-f497cf3e8a23
Kim,Sanders,kim.sanders@example.com,1f8df97c-58e4-43d1-8c8f-b652347346a7
Stanislava,Radanović,stanislava.radanovic@example.com,58d98007-01d7-4490-8a61-e7d7b5a60104
Dora,Pantić,dora.pantic@example.com,4b2151a3-08f7-4327-a23b-b464199d0a5c
Jolene,Groenewold,jolene.groenewold@example.com,ef6e79a5-c746-44a5-a42d-da3672de9b11
Rachel,Simmmons,rachel.simmmons@example.com,b8539f73-a253-4ebd-bce1-fd1e08717d6e
Jeff,Willis,jeff.willis@example.com,c56a5788-394b-4fa2-aacd-e163f67815a9
Hannah,Li,hannah.li@example.com,0fbf40b5-9cb3-404a-91a0-729b33424e1a
Olivia,Maki,olivia.maki@example.com,6f7bdf4e-813f-4381-bdb9-a1591caad82d
Jennifer,Carlson,jennifer.carlson@example.com,1334f806-d250-4da6-9532-27bbdf197f8b
Ryan,Walker,ryan.walker@example.com,61f6b41c-59c9-483d-bfc6-38245c2309f2
مهراد,جعفری,mhrd.jaafry@example.com,e58d8d17-f865-4d16-b2cd-6c59f46f0af4
Peresvit,Nagaychuk,peresvit.nagaychuk@example.com,8597034c-c8c9-43d7-b3b5-b8a03db471e2
Katie,White,katie.white@example.com,79e412c3-4780-4526-a8f7-ed292f30418a
Micheal,Hill,micheal.hill@example.com,0b0a3799-5499-4b1d-951d-153f63606653
Taylor,Thompson,taylor.thompson@example.com,998a2c8c-58d2-4da3-b099-870015367d43
Byron,Lee,byron.lee@example.com,156c0e09-b495-4ddb-9988-dc006a7815af
Ian,Bergland,ian.bergland@example.com,3dcd9aa9-6ad4-4fd2-a628-42e97a603e7b
Marius,Leroy,marius.leroy@example.com,d1c7e63d-512f-47e9-87d8-b10d43aa3bb6
نيما,سهيلي راد,nym.shylyrd@example.com,8ac7be95-47d4-4edf-87ec-05a8690bbeb6
Deniz,Sandalcı,deniz.sandalci@example.com,1782ddf1-4919-41fc-a207-0f69b0a80a7c
Mason,Smith,mason.smith@example.com,3f57b6e8-d590-4895-9da7-ae865c36fcf4
José María,Dueñas,josemaria.duenas@example.com,3fde8418-64e5-48c2-8385-345a91116475
Amvrosiy,Babenko,amvrosiy.babenko@example.com,9f27a336-f88b-4e89-9d0d-4a0a72b3888c
Hana,Vidal,hana.vidal@example.com,9de7ac4a-ddc2-4e9d-8106-832e4efdc33e
Mia,Jones,mia.jones@example.com,8e849daa-a233-4cf0-bc06-dd1aca7d4b18
Radojko,Ivančević,radojko.ivancevic@example.com,ed5357d7-0310-4270-86fd-9d9899c00497
Petar,Niggemann,petar.niggemann@example.com,b3e3901b-aee2-45b0-9f9b-834f961b4d69
Katherine,Davidson,katherine.davidson@example.com,321d80d4-c057-454c-98ed-dee077d6a752
Emma,Hansen,emma.hansen@example.com,6ce811c9-2155-4dd4-8dff-44dd7546145d
Sophia,Harrison,sophia.harrison@example.com,7f5001bb-5b9e-4abf-bc40-aae25a9f6f11
Philip,Madsen,philip.madsen@example.com,e32445c8-91af-409c-8e53-b7d0da1da1bc
Amanda,Wessel,amanda.wessel@example.com,f80326ff-482a-45ff-b62d-963f5d6cc11f
ثنا,علیزاده,thn.aalyzdh@example.com,f82a9b22-1390-499f-bc4a-7d3b3dcd2139
Sina,Lenz,sina.lenz@example.com,2c982665-af18-4919-a70e-742c54f9497c
Rose,Li,rose.li@example.com,110a951d-239a-4dd8-80d4-a6f3bcd5b568
Snežana,Šarić,snezana.saric@example.com,a5b9b242-797c-4d3b-8e4a-8d4c9359e09d
Marilyn,Carpenter,marilyn.carpenter@example.com,4642e535-b180-467e-987b-66745735660c
Freya,Lee,freya.lee@example.com,7866cbd9-5d0b-41db-9d90-58ef797eecda
Nelson,Simpson,nelson.simpson@example.com,cd058f4d-c453-4dec-a8ca-c818fbab9906
Terrance,Carr,terrance.carr@example.com,e3793679-aabc-48f1-a0e9-a6baf3f255d5
Joona,Tolonen,joona.tolonen@example.com,d9138ec0-e408-47fa-8601-ed3bd9618c23
Jon,Arnold,jon.arnold@example.com,0330cf8c-a7e0-446f-9039-0dd81f1e39c6
Ellie,Taylor,ellie.taylor@example.com,56eec8af-57b2-4090-a6fe-deb194021415
Violetta,Noskovskiy,violetta.noskovskiy@example.com,61953663-0d7f-4322-b920-cd801b5b7a0e
Solomiya,Strashkevich,solomiya.strashkevich@example.com,648f4511-4859-4a10-acef-a858866cc087
Dalemir,Bezugla,dalemir.bezugla@example.com,beb7959c-67fd-4348-9bfc-a55767659d8d
Delia,Escalante,delia.escalante@example.com,46b05dd2-34c3-4ac1-8c9c-dfd94e53f31d
Taylor,Butler,taylor.butler@example.com,683834bb-fb83-446f-82a9-ed45e289db20
Nádia,da Mota,nadia.damota@example.com,083270ed-fb16-4b99-a1b8-8df11ffc8752
Patricio,Pedraza,patricio.pedraza@example.com,bb388e00-8e80-409f-86ce-8f50ba30e547
Manfred,Loonstra,manfred.loonstra@example.com,271c4c75-1940-4e5c-9c60-6f004231d2c1
Mavka,Benyuk,mavka.benyuk@example.com,a3333936-fd82-450b-93cc-c4fd50784b19
Harvey,Rice,harvey.rice@example.com,d7224909-53c9-4e0e-88c4-4359118fcb3d
Grigorije,Bekić,grigorije.bekic@example.com,92853d6f-1735-4f4c-a59c-191071fe493b
Pauline,Krauss,pauline.krauss@example.com,bc18a152-4927-4af0-a075-01c033000b87
Estefanía,Quintanilla,estefania.quintanilla@example.com,0defa1d7-3691-4eb9-9e10-2f1c0ea27b96
Carmen,Storch,carmen.storch@example.com,be430f12-0c8f-4783-b994-c64f3b2cd59b
Giray,Durak,giray.durak@example.com,cd452f0f-d58c-457f-b7f8-b32c30c69e2f
Anja,Fiskå,anja.fiska@example.com,2d756d5c-414e-4eb5-89fe-908acc63aff5
Jara,Sanchez,jara.sanchez@example.com,d6791ba0-38eb-4cf4-b432-7eefed41e28b
Mauro,Fernández,mauro.fernandez@example.com,301e27c6-0433-470b-ad5f-9d7cb9d9af81
پارسا,موسوی,prs.mwswy@example.com,a9271c77-6bbc-43d8-a15a-65d452679e20
Elenore,Derksen,elenore.derksen@example.com,61736bb1-1f4a-4716-b17a-77bade261e6b
Remmert,Van Duijvenbode,remmert.vanduijvenbode@example.com,d138fb65-31e8-4754-b876-e85f5fac8ab5
Morris,Gilbert,morris.gilbert@example.com,efe42520-4540-4367-88e7-d9b68341adae
Bratislava,Branković,bratislava.brankovic@example.com,2d352419-45a0-406c-afe7-1b3861765867
Esat,Taşçı,esat.tasci@example.com,5a0512ab-db56-4ac5-a25b-e94b8041be67
Javeria,Rajesh,javeria.rajesh@example.com,e7c8ce58-1498-49da-a530-afdd4a3bad12
Avery,Ambrose,avery.ambrose@example.com,ef6c63d5-22e0-4619-88aa-b31e0116aa55
José,Narváez,jose.narvaez@example.com,e823b692-d712-44e0-9533-e35b315f31f8
Bendik,Skare,bendik.skare@example.com,c1a0923b-0811-44a9-a898-e0ca28dc3a13
Canan,Klapper,canan.klapper@example.com,b4550b7f-6f19-4a71-8acf-ce8bc9ec1370
Wilma,Mendoza,wilma.mendoza@example.com,fb0247f6-4d4f-44c8-941e-9ac0d0564b67
Aubrey,Jones,aubrey.jones@example.com,d8b693b1-63c2-4362-9cf6-662257b457b9
Troy,Robinson,troy.robinson@example.com,0e9234e9-4053-4ea7-a9ad-2f4bd0ef7567
Ece,Günday,ece.gunday@example.com,7ea3f88d-678f-46ab-a9d9-388274001cf5
Soledad,de la Fuente,soledad.delafuente@example.com,9db86af4-d6e5-4148-a985-d62d550dec9d
Addison,Curtis,addison.curtis@example.com,f8d03037-2637-4b0c-83d8-fc86e46e0c7a
سارینا,سهيلي راد,sryn.shylyrd@example.com,58661d6a-7215-4de3-87e6-a24d71035a6c
Tyler,Ellis,tyler.ellis@example.com,7b779ddf-6965-4393-8f01-f3bfd9d14718
Saksham,Chavare,saksham.chavare@example.com,7307ec5a-a409-4c05-97e4-4cffd9e49706
Rose,Smith,rose.smith@example.com,f39d169e-8614-4d02-84a2-3d4c5b1fc0d8
Eemil,Tolonen,eemil.tolonen@example.com,9cd61e69-c587-41ba-a5e8-9cc9ff9f8be7
Ellie,Torvik,ellie.torvik@example.com,370d7d0b-a4f7-4edd-b5d0-34727f1e098f
Tammy,Perkins,tammy.perkins@example.com,8bd5a66d-b7f1-4fe6-8f3d-747a80e0d5de
Bharathy,Nayak,bharathy.nayak@example.com,712b8838-43e0-4efa-b8c5-0e0bc0c96a33
Brittany,Gutierrez,brittany.gutierrez@example.com,708908f8-c07a-4298-861f-e0b3a471f68a
Mille,Petersen,mille.petersen@example.com,72c98e85-45a4-4e30-8703-0911b5f97db5
Abdullahi,Gunnarsen,abdullahi.gunnarsen@example.com,5fb8ec93-d635-44f7-b7ec-2c236f115740
Champak,Chiplunkar,champak.chiplunkar@example.com,59fd82de-aa27-4a71-ae72-e317ed8ebb3f
Arman,Romsdal,arman.romsdal@example.com,6e4c80c8-3788-4a8a-a77b-2000b2e490dd
Ryan,Dsouza,ryan.dsouza@example.com,f5340fbe-da37-4303-99b0-9faccf3b808b
Naud,Van Meggelen,naud.vanmeggelen@example.com,892bebb4-2a5d-41bd-a717-9f90c87f0061
Muriël,Van den Dool,muriel.vandendool@example.com,31e395d4-0d18-4cbc-9f5f-b6933f2702a8
Felix,Alvarez,felix.alvarez@example.com,cdbbbe1d-e34b-4bb9-b44e-6d69f131a5e8
Svetozar,Mišković,svetozar.miskovic@example.com,537f4c3d-ce8d-4d2d-b571-ded8a4b3def1
Neel,Thampy,neel.thampy@example.com,b8e65e33-93f7-498c-9895-d02b5dc2ed2f
Vili,Costa,vili.costa@example.com,21228749-5148-4ec2-a01e-e719aff07e5a
Katarina,Spajić,katarina.spajic@example.com,2f017cb3-d928-4522-bb9e-72de1a390432
Ariane,Bergeron,ariane.bergeron@example.com,b74c88d1-1166-40ff-b8dd-2bec9da1149e
Adam,Hansen,adam.hansen@example.com,a0e6780a-2ced-4d7a-bf4b-66fb1cd7aa5d
Adem,Çetin,adem.cetin@example.com,d8b50e5d-b489-4b91-8b9c-3fb6014d2587
Johanne,Rasmussen,johanne.rasmussen@example.com,b4ce83ee-f837-40b6-8b0b-ac5d1a7287a4
Hannah,Harris,hannah.harris@example.com,ee4bcadc-575b-4e34-b4f7-12839317b35f
Carol,Washington,carol.washington@example.com,b4901cb3-9a14-444f-a58a-832bd4f9dabf
Hans-Friedrich,Hausmann,hans-friedrich.hausmann@example.com,650e339b-efe3-4f3a-bfe4-30adc2ef8901
Sherry,Howard,sherry.howard@example.com,af8cec80-1669-49ee-80a1-3edb1426ef1e
Sean,Perkins,sean.perkins@example.com,8e1b61c8-49c8-408f-add8-b05766092e51
Rosa,Sørensen,rosa.sorensen@example.com,69c51475-a8dc-4565-a541-aedc6c54a7b0
Damir,Jakšić,damir.jaksic@example.com,b17de84b-de17-4cc1-bccb-f5ebb1063411
Svea,Geib,svea.geib@example.com,a0e7d54e-4efe-4f6c-bcc2-bada1ebee941
Taliana,da Cunha,taliana.dacunha@example.com,7b06056c-c28b-4ea7-805a-91be88c0f6a4
Jonas,Jensen,jonas.jensen@example.com,d6fda4d2-cb1b-4868-99b0-4bf8c21d7a18
Lily,Gonzalez,lily.gonzalez@example.com,559c19d8-9b40-4d39-83e5-00147b8f6184
Lori,Hill,lori.hill@example.com,0fe45811-1ffc-4ea1-ab2c-58d4ca3b6fdb
Asta,Andersen,asta.andersen@example.com,a805dff8-d5ea-482c-95ad-3ce298d8ce20
Teodor,Dokić,teodor.dokic@example.com,d7f0565c-fabb-461f-97e3-848efa084842
Tristan,Møller,tristan.moller@example.com,4c213276-8936-4718-9ff3-019cdfd3d122
Tilo,Hug,tilo.hug@example.com,33ddc080-c1db-44a0-99cb-b913f145b564
Gonca,Babaoğlu,gonca.babaoglu@example.com,93119bab-b239-46d2-a6e0-5d90c92d2d44
Irídea,Lopes,iridea.lopes@example.com,aec15fa3-5af4-4cc6-ac9f-ca491e300ba1
Sara,Schnoor,sara.schnoor@example.com,6a343b34-0149-48fc-b69f-1bae5e9ff2e8
Ethan,Thomas,ethan.thomas@example.com,5d5bb9a1-5560-456b-9e35-c954cb40202d
Tyler,Davis,tyler.davis@example.com,4c9d742a-7c7a-456f-9d09-6f558aad64d7
Rojda,Borger,rojda.borger@example.com,3cc35e81-088d-406e-81fa-381861081b66
Aloisia,Mäder,aloisia.mader@example.com,17fd0333-7c40-40c3-9369-9697ce4e0bbd
Luis,Lee,luis.lee@example.com,b56d9cda-5933-4cfd-95b8-28272500bd84
Magdalena,Román,magdalena.roman@example.com,4f399517-1a14-4a6d-96dc-dc5958e3f9a4
Umbertina,Cardoso,umbertina.cardoso@example.com,bb1343d0-df7f-469f-82fd-3c2cc9817e58
پارسا,احمدی,prs.hmdy@example.com,f880d78b-7227-4648-988d-8ba983d439ee
Fatih,Kasapoğlu,fatih.kasapoglu@example.com,3be93fb9-3e21-4d79-8fb2-c5c6ff710e18
Habacuc,Santos,habacuc.santos@example.com,542e8ae6-2e6c-4e71-af11-c24f9c490a41
Çetin,Alpuğan,cetin.alpugan@example.com,bc935f03-e84c-43b6-97e0-47c774796055
Gostomisl,Luzheckiy,gostomisl.luzheckiy@example.com,312f6ceb-2f1e-4924-a699-c95b8d47e287
Braxton,Thompson,braxton.thompson@example.com,1f343eb2-07a8-43c1-b6fa-b20a176b82a0
Gerardo,Tejada,gerardo.tejada@example.com,c4d3a510-69f5-4798-bc11-60dc98ced4ae
Sabrin,Abdalla,sabrin.abdalla@example.com,864090c2-5811-4fa6-b186-2a39d8ebac6d
Dejan,Guillot,dejan.guillot@example.com,fa460d77-05cc-4c2e-ae93-411c829f1816
Kleianne,Duarte,kleianne.duarte@example.com,84cdd761-cbbc-41db-8f50-e249c80e1453
Sean,George,sean.george@example.com,cb110409-e8c5-480e-99ca-371bdf69d11c
Irma,Freitas,irma.freitas@example.com,a4ac00ce-6c65-4dde-a8e2-ff478459da3c
Asmee,Gamskar,asmee.gamskar@example.com,7faa1302-a02b-44cf-9e74-963153b90c13
Frieda,Muller,frieda.muller@example.com,b98bf5c3-7c52-455c-94e7-d57ccb561571
Ümit,Atakol,umit.atakol@example.com,4b59f4e5-e3a0-4942-a38a-60cfc6b2c419
Brayden,Russell,brayden.russell@example.com,55307bda-7dd5-4b35-b515-0ca356740584
Mathilde,Hansen,mathilde.hansen@example.com,233cb72c-1394-4889-ba1b-a7cf4e240a74
Colinda,Kruitbosch,colinda.kruitbosch@example.com,8b2231b7-7dde-42d8-9160-25e3b15cab1a
Abdulrahman,Ræstad,abdulrahman.raestad@example.com,8030574c-3353-45e1-ae71-0dfb70452ddb
Murat,Örge,murat.orge@example.com,05e16bf9-8000-40d1-bb08-c7580cc1c405
Tina,Pejaković,tina.pejakovic@example.com,02ff624c-3c61-4a4e-b668-40583b3209de
Anneline,'t Hart,anneline.'thart@example.com,6dd0004f-29af-4e5d-80bf-41725185068b
Umut,Öztürk,umut.ozturk@example.com,ebf80f94-e756-4301-b10d-c3bab5b6da01
Klemens,Heitmann,klemens.heitmann@example.com,c948daa0-4fcb-4cc4-8f6f-7a285bba020d
Lyubov,Miroshnik,lyubov.miroshnik@example.com,2215571a-9a0e-4099-9a57-6de500b4a56a
Nelli,Habel,nelli.habel@example.com,9583c30f-4253-49cc-bb39-ff326a141ed0
Samuel,Carpentier,samuel.carpentier@example.com,7c38de2e-d8a1-4be1-adf7-ba8303ef8291
Lohit,Adiga,lohit.adiga@example.com,837d4323-9818-4754-a348-5496efcbfb3a
Todd,Simmons,todd.simmons@example.com,19eeddf1-459e-4f79-af08-f1dce29e0edd
Susan,Shaw,susan.shaw@example.com,6bd9ec2e-152e-4540-98df-3ca548263df7
Elli,Tervo,elli.tervo@example.com,544d0378-47d9-4902-97d6-ac4436b0ba4a
Thea,Møller,thea.moller@example.com,32d85e26-b059-4a37-b6d6-9d82d74f16a2
آوا,حیدری,aw.hydry@example.com,95e65f80-fce1-4c28-97ff-c28258289c8b
Alicia,Roy,alicia.roy@example.com,875cc021-d8e7-43f4-88ef-059d84429fc1
Mariko,Santos,mariko.santos@example.com,46004ea1-a5a8-4464-872f-5e3163a4e232
Sahana,Fernandes,sahana.fernandes@example.com,061aa017-ccf8-465c-987a-1fa2ca45945f
محمدپارسا,رضاییان,mhmdprs.rdyyn@example.com,671d09d7-4d71-42e2-a6d5-1695dca34a1e
Stanislava,Sakić,stanislava.sakic@example.com,5c6f799a-2b29-47fc-b7dd-d9a740d41952
Vasilije,Bajević,vasilije.bajevic@example.com,c9ad1d3a-1e7e-4816-b27e-8d065b3d40e9
Juana,Hidalgo,juana.hidalgo@example.com,788f32db-dec7-40e0-b1f1-7701d5aa0d65
Anton,Laitinen,anton.laitinen@example.com,f7473175-87df-4ad6-8ef0-66c595b152bb
Salvador,Vicente,salvador.vicente@example.com,27c66e59-255a-43ba-a5d7-92de4a6d1e77
Montserrat,León,montserrat.leon@example.com,e225d550-d0be-49c5-9e01-c6bcd9d0a494
Marie,Mills,marie.mills@example.com,f9cf1b37-84b1-45ac-be3b-9063ec74fdb5
Emma,Morin,emma.morin@example.com,c6569b4f-52a8-4a34-87e1-558d155ed4d6
Matias,Kilpela,matias.kilpela@example.com,23dab5b4-7bf7-45b4-9041-d147d1061dc5
Javeria,Taj,javeria.taj@example.com,a6a858bc-cd67-4da9-ac96-61f274382d76
Iker,Herrera,iker.herrera@example.com,c214ecc9-c7f2-4caa-8f5c-ec2ea5065634
Brígida,Vieira,brigida.vieira@example.com,d18842e2-7413-4b5c-9117-45e7463ea41d
Eino,Pulkkinen,eino.pulkkinen@example.com,36a18dee-1621-4c38-af8b-81349d221177
Corey,Lopez,corey.lopez@example.com,1f6bdf46-9329-48a3-97b7-588db10f15a2
Madhav,Bhoja,madhav.bhoja@example.com,fbca60d4-43e8-4cf5-840a-c341399963d9
Anna,Christensen,anna.christensen@example.com,594b3ad7-e143-4521-b7aa-2a59f8fc731a
Gonzalo,Sánchez,gonzalo.sanchez@example.com,cebc62dc-b8e8-4954-b2ca-b7d91cbaff6b
Hamida,Van Essen,hamida.vanessen@example.com,c1df2593-ea00-4efd-baa2-8f111b451558
Elsa,Manni,elsa.manni@example.com,81d1c668-263f-447c-9839-328ff3511114
José,Echeverría,jose.echeverria@example.com,7c725d2b-04fd-4ab1-9a17-4ac10a4fe940
Leonaura,Cavalcanti,leonaura.cavalcanti@example.com,bc673e49-8ce7-4cd8-868b-3d3349ff947d
Abigail,Alves,abigail.alves@example.com,c35eb17b-37a0-4448-a424-958db44b1ee4
Sheryl,Newman,sheryl.newman@example.com,b5bc2fc8-bc55-4e2b-aec6-21eefa8437eb
Falcão,Ramos,falcao.ramos@example.com,6969c2a9-6406-4dc2-95bc-e20cea6fdc08
Ryan,Patel,ryan.patel@example.com,a350bcab-4a4d-4abd-b49d-ea611d0b91c4
Sandrino,Cavalcanti,sandrino.cavalcanti@example.com,6c0d5d2e-6c4d-4de3-9ba4-c7bd38ac951d
Kyle,Neal,kyle.neal@example.com,7d70bb7d-829a-44b0-a153-adaa46f67eb3
Gerald,Rhodes,gerald.rhodes@example.com,7b970377-907e-4007-b069-038fb360f342
Eleonora,Branković,eleonora.brankovic@example.com,b51a30d0-65d2-48e0-aa4e-a490bee76fee
محمدپارسا,نجاتی,mhmdprs.njty@example.com,7c84a3bd-1c62-465b-9652-449c6d19b08f
Budislav,Golomsha,budislav.golomsha@example.com,e59e8d68-aa1c-4c31-983b-41e31004f745
Ava,Larson,ava.larson@example.com,65b3ce0b-cae8-4752-bfee-11e7f4692c9c
Ayşe,Mayhoş,ayse.mayhos@example.com,ca348cab-3c7b-4613-890c-6b3e18bb50ce
Yuliy,Gavrilenko,yuliy.gavrilenko@example.com,8596b51c-f81b-4a79-85ab-b4b25046e1ba
Kornilo,Malanyuk,kornilo.malanyuk@example.com,ae506771-2a23-450a-adfc-e898a86a22d6
David,Smith,david.smith@example.com,2eb5abf9-0785-46f0-a2c4-25c418c81f29
Yunus,Buursma,yunus.buursma@example.com,9285fd6e-7668-43fc-ba1a-9a0a12c99d60
Marie-Louise,Philippe,marie-louise.philippe@example.com,9f850253-5f1e-4976-aaab-42c7bca28a19
Roberta,Mitchelle,roberta.mitchelle@example.com,f1365dbe-baab-4c54-ab88-117b184f53c2
Yvonne,Ford,yvonne.ford@example.com,f9bbf53e-a448-4f71-9665-11b9321f1377
Jimmie,King,jimmie.king@example.com,082b6b3f-4f9f-49d0-a14c-b84426c977f7
Jovica,Cvejić,jovica.cvejic@example.com,78fc93ea-b6da-4c82-a955-a4e14a0b2d38
Varfolomiy,Komarenko,varfolomiy.komarenko@example.com,27450efd-e902-4100-a28a-458ea543e73a
Mitar,Rodić,mitar.rodic@example.com,c44f718a-ecbf-4089-a889-3b978dd6ab18
عرشيا,زارعی,aarshy.zraay@example.com,08961676-f3ee-458f-8bfa-083a41c9da7c
Irena,Weise,irena.weise@example.com,bfb7874d-28f4-46d7-bf5e-f403ec9f3589
Kübra,Ertepınar,kubra.ertepinar@example.com,f6ea4557-8357-4131-bded-0e5104441b41
Keira,Singh,keira.singh@example.com,d773d27b-af19-4712-8158-0f34bbb7f7f4
Thomas,Evans,thomas.evans@example.com,eddb79ac-84e4-45de-a7d7-6be794abd695
Juliette,Pelletier,juliette.pelletier@example.com,b49056d3-214a-4894-a0dd-662f74c42265
Stavros,Niklas,stavros.niklas@example.com,42d5e29f-8f52-45a5-8ee4-3136347bd03a
Tihomir,Shumovskiy,tihomir.shumovskiy@example.com,45af56f1-3769-4cf2-a31f-31065ae66a61
Gligorije,Pantić,gligorije.pantic@example.com,55d9b684-0c36-4c55-8e25-09031e1ef4d3
Lopo,Nascimento,lopo.nascimento@example.com,1cd01670-7278-47d5-9c5a-7213d024a66f
Minerva,Maestas,minerva.maestas@example.com,723d0d9e-75d2-4916-99f7-e518f7c89475
Linda,Hohl,linda.hohl@example.com,fba5b4de-deea-47ec-89d0-6f373b016ffd
Holly,Evans,holly.evans@example.com,ea72f1a4-8435-483c-b2b6-e3a21a08713c
Tamara,Holt,tamara.holt@example.com,bc0983d3-5515-4816-87d2-63d22c192cc2
Gabriel,Vidal,gabriel.vidal@example.com,70b87ed3-2ecc-43c0-8088-a17391f60c9d
Juho,Lampi,juho.lampi@example.com,6b271071-3761-4cd8-9209-46fcd514023d
Ege,Doğan,ege.dogan@example.com,d7ac8288-553e-4db0-8da4-5829e21cc5b5
Wilma,Morgan,wilma.morgan@example.com,f540ddd6-450a-4f83-8e2b-e4e7ea9414fd
Ayaan,Kaur,ayaan.kaur@example.com,48c6e6a7-b87e-4401-9aad-809343363689
Elizabeth,Nunes,elizabeth.nunes@example.com,116501eb-2bb3-46f1-95ae-d9c25dfdb693
Derek,Jenkins,derek.jenkins@example.com,5dedbafd-3fb8-4829-9541-d09670fec452
Othmar,Barbier,othmar.barbier@example.com,8266e293-5393-442e-95c6-8d86170c4781
Özsu,Kuzucu,ozsu.kuzucu@example.com,54c7a25c-197a-4303-a38a-fac6f4053a43
Ronald,Ford,ronald.ford@example.com,75079bb6-94f9-46a9-9c46-f3431a4ea873
Sulani,Monteiro,sulani.monteiro@example.com,58e940d5-939b-40e0-a6da-93eab9302dfd
Ege,Atakol,ege.atakol@example.com,a257bdeb-8ca3-4371-a0bb-b8bcd27efed5
Patrick,Chen,patrick.chen@example.com,9e1738c1-d579-4363-a3c9-9faf0d5905a5
Pavla,Kozhushko,pavla.kozhushko@example.com,fc8578c0-9e30-4bb3-b349-9c1902858b23
ملینا,نكو نظر,mlyn.nkwnzr@example.com,caba7d0d-3d1a-4932-910f-e479fd62f150
بنیامین,حیدری,bnymyn.hydry@example.com,e329578e-9b40-448e-94cd-0292c311dcf9
محمدپارسا,زارعی,mhmdprs.zraay@example.com,96d89c8a-c1e3-4f50-96d0-82339d0ed087
Laurie,Ouellet,laurie.ouellet@example.com,1224396a-3b8f-4352-8a1b-8aa6dbca0336
Gabriel,Gutierrez,gabriel.gutierrez@example.com,dae29fd7-d0c0-41a4-b12a-01a553b9c69b
Abbie,Lopez,abbie.lopez@example.com,0b25a971-2e45-4a46-b083-f97d4caad8f3
Karim,Robert,karim.robert@example.com,521f5e13-0d64-47d2-9d85-b9c4dad3b2ea
Elliot,Mackay,elliot.mackay@example.com,090d2f56-763b-46ad-8199-f09f16b8199c
Astrid,Madsen,astrid.madsen@example.com,c93fcc91-8159-422c-a8c1-5315ae7ff573
Valentina,Guzenko,valentina.guzenko@example.com,fbde9177-864b-4cac-84ba-24325e925dff
Cesar,Castillo,cesar.castillo@example.com,6d24635f-4c66-44c6-a762-d9721c01ee3d
Eemeli,Perko,eemeli.perko@example.com,4773ca03-15ba-4075-8cc5-5a93f812d694
Editha,Sachse,editha.sachse@example.com,7ba61350-7726-4c96-a7e8-3832dcbd859b
کیمیا,سهيلي راد,khymy.shylyrd@example.com,c6a6c64b-57d5-42ba-94c4-6cc731917a78
Patrick,Duncan,patrick.duncan@example.com,5d8b477e-11ce-4921-b83a-fb9e21d851bf
Calvin,Robinson,calvin.robinson@example.com,338a1ac8-f392-433e-95bf-58355e599467
Shabari,Babu,shabari.babu@example.com,e5ab31e1-2f39-4398-b3e1-02628adf5d9c
Adolfo,Bravo,adolfo.bravo@example.com,a0c8c859-ef40-41c6-8657-111f106e019d
Juan Carlos,Mesa,juancarlos.mesa@example.com,bc662286-1d3c-4071-8923-a6fc42249554
Ryan,Bhoja,ryan.bhoja@example.com,6c0970dd-1046-49d9-9192-1261d2af7379
Irene,García,irene.garcia@example.com,36959cd6-271b-4649-888c-285207da312f
Mohamed,Leclerc,mohamed.leclerc@example.com,1033b0fb-008c-4674-b5c8-2e1e6b2466e2
Blanca,Torres,blanca.torres@example.com,dbaff9dd-4c6f-4200-aa30-6722bf9d1377
Thomas,Fields,thomas.fields@example.com,ed83e9fc-bb01-42f6-9c7b-d5630f9e2b27
Cid,Moreira,cid.moreira@example.com,cb467df5-d972-47b3-91e1-1eb0c70a8c22
Thomas,Mackay,thomas.mackay@example.com,93472f6f-a60e-4cc5-b0ba-66c0c9af1949
Amauri,Monteiro,amauri.monteiro@example.com,1070ea84-2af4-4fbd-b511-56f3a71ae16b
Lada,Grodskiy,lada.grodskiy@example.com,658ffe0c-bc44-4003-96cb-c114a296b4ef
Miro,Wirkkala,miro.wirkkala@example.com,e1f07c0d-4b4b-4dda-88a3-e1e2d60e73b9
Asma,Kolås,asma.kolas@example.com,18be3ddc-b5ea-4e59-ad6e-b238a3976f78
Seth,Oliver,seth.oliver@example.com,31386ec7-622e-4528-a68e-e88e20dd6fbc
Doğan,Lammers,dogan.lammers@example.com,97df2f8e-209d-4034-8b53-e562deb34909
Juan,Jünemann,juan.junemann@example.com,4ed8c913-7149-42ed-abd1-24d4b93527f3
Auguste,Meyer,auguste.meyer@example.com,56944e6f-f36b-4beb-8507-28860593d92e
Francisca,Cabrera,francisca.cabrera@example.com,5340612e-e6e8-4561-9ae1-b00c372be346
Scarlett,Hill,scarlett.hill@example.com,f522af4e-18ee-4d0b-bb5e-2a14ebd28919
Leo,Addy,leo.addy@example.com,d614e8b5-66d2-4055-9962-e743009937ad
Abigail,Cooper,abigail.cooper@example.com,6a6b4a9d-ce59-4f51-a3de-4baef3528b95
Sally,Russell,sally.russell@example.com,6971997a-56a5-4ad5-8ad2-8903264ddf97
Joanne,Perkins,joanne.perkins@example.com,173cf379-c8b5-42eb-bec3-58591c8d43b7
Sofia,Sáez,sofia.saez@example.com,24f9d638-1583-4bcb-9931-a1e4d6a67ef0
Kazim,Grünwald,kazim.grunwald@example.com,0ee98ffd-a56c-4b09-a704-8c2a474db094
Nathaniel,Cooper,nathaniel.cooper@example.com,7eb03256-8050-48a0-9606-19ceb303d419
Ricardo,Guajardo,ricardo.guajardo@example.com,1800d48c-e6fd-48fb-af06-7625e269efcb
Prajna,Dalvi,prajna.dalvi@example.com,3b2b5f45-db60-4802-b78d-523ac9eb8547
Emily,Pedersen,emily.pedersen@example.com,14d8ede3-9565-44ee-b7da-6e41228c2966
Clara,Walker,clara.walker@example.com,82f3ce33-ae09-4043-8b9a-02ae78bb2639
Maddison,Wright,maddison.wright@example.com,01c38dbf-0aed-4ee0-b71c-e314221ae424
Gabriela,Fjærli,gabriela.fjaerli@example.com,6b57c882-1348-4089-99c9-c6301d40e006
Sophie,Anderson,sophie.anderson@example.com,b644b822-4163-4b36-b9cd-dc9078a97d4e
Charles,Slawa,charles.slawa@example.com,2c7bb30f-8de2-4ef5-9e24-46a86efbabaa
Juliette,Anderson,juliette.anderson@example.com,d01d048d-65b2-4a64-b86a-d99fee7931e6
Eino,Seppanen,eino.seppanen@example.com,45d030a9-683f-4606-9d88-32eeb8dbfda6
Mihajlo,Marinković,mihajlo.marinkovic@example.com,33017eed-e4d3-4240-96fb-7a1a203f1039
Signe,Olsen,signe.olsen@example.com,33e107dd-e493-430e-ae03-e5c065414eeb
Sofie,Rasmussen,sofie.rasmussen@example.com,d26fad3c-2373-4a3c-8776-0021bf586a39
Geneva,Theunissen,geneva.theunissen@example.com,57f03d14-d05b-4727-9157-d56a46e93ec9
پرنیا,جعفری,prny.jaafry@example.com,7787bdaa-ba4f-4a6b-8a13-7276a8997f44
Helene,da Conceição,helene.daconceicao@example.com,b735e566-b7aa-46c2-a768-574301711162
Christina,Clarke,christina.clarke@example.com,e1c3a032-3b9a-498c-af72-8638d096d661
Karine,Gauthier,karine.gauthier@example.com,e209f672-40b3-4498-b03e-201d31e0c1c7
Harsh,Moolya,harsh.moolya@example.com,44f913ea-d3e0-4992-a174-8bd3eb22d90a
Ray,Shelton,ray.shelton@example.com,36da53b8-46fd-4424-ae0c-38dc586b8bf3
Nancy,Rolón,nancy.rolon@example.com,5d1058d3-91c6-41c2-b90b-b24757d17afc
Justin,Garcia,justin.garcia@example.com,c55bfec7-56d9-4d01-a6fb-eb3d01fb9106
Ernestine,Krohn,ernestine.krohn@example.com,44258a1f-ef13-475f-bbae-aaab4ac43c8f
ستایش,جعفری,stysh.jaafry@example.com,90afc9a2-4511-46d5-a0de-a1914fbafc11
تینا,گلشن,tyn.glshn@example.com,29bd61f6-8f1a-4a28-992d-d2a9d55360fe
Svyatolyuba,Opanasenko,svyatolyuba.opanasenko@example.com,7f86c61b-9f36-4bcd-a771-b998b3503f09
Maia,Turner,maia.turner@example.com,ddeac2f5-ad9d-4858-93c3-4fbd42e536b3
Alicia,Calvo,alicia.calvo@example.com,a7d8649c-f7a8-44ba-9df3-6c03d3fd8747
Isolina,Lima,isolina.lima@example.com,6261807b-b93e-44e0-9c9b-d89a4f4bcd4b
Stijn,Loots,stijn.loots@example.com,213e28f8-1bcb-4d1c-9d02-0f0389d7be36
Hotibor,Lishchinska,hotibor.lishchinska@example.com,ee07e613-4555-4051-ae2b-172164c8be80
Đuraš,Filipović,duras.filipovic@example.com,b1c96e7c-832d-4eda-90ed-f9f86f645cf3
Sarah,Da Silva,sarah.dasilva@example.com,e822191e-081b-472f-883a-e27f2de6f223
Arthur,Wong,arthur.wong@example.com,012f1945-c387-45cc-8e06-7508688bae38
Elisa,Adam,elisa.adam@example.com,9ce27eed-4fc2-43aa-96a7-cb0a536c7127
Engin,Sieger,engin.sieger@example.com,9e93ce23-168c-4976-a5fe-ac80221d1fb2
Katrine,Christensen,katrine.christensen@example.com,9792f3c4-4ff6-4418-acce-5317f9197c2f
Viktorija,Vučetić,viktorija.vucetic@example.com,849d52c0-8c60-46c9-bb3d-6a2e15fb630e
Kathrine,Lima,kathrine.lima@example.com,8f8f0fef-3fdb-4c66-96d4-8897f9a27ae7
Jack,Kumar,jack.kumar@example.com,91c1bc52-ca6f-40bc-9768-a676d2ba5fae
Jezdimir,Dinčić,jezdimir.dincic@example.com,2979f638-5594-47f8-b0a0-5d63fff41247
Clara,Gallardo,clara.gallardo@example.com,c36b4b4e-68ef-4117-913b-702e07a911a2
Manuel,García,manuel.garcia@example.com,47881ccc-0c9c-4c25-9ac2-93dc7f53b672
Alejandro,Castro,alejandro.castro@example.com,d704e3cd-6c9b-4f11-a233-6f17a4b15ee6
Dobrivod,Ivanishin,dobrivod.ivanishin@example.com,4776e064-1e8f-42e8-9480-4253ab67f272
Lily,Wilson,lily.wilson@example.com,981f86bb-b413-4dfc-95f2-bd43e0409f06
یلدا,نكو نظر,yld.nkwnzr@example.com,79f2b35b-833b-4ab9-b17f-9f0639277d41
Ramon,Pena,ramon.pena@example.com,5b5d14d0-379e-491b-810f-221bc0872811
Lore,Baumbach,lore.baumbach@example.com,ad5800fb-c739-4406-b89b-350cbe637b24
Filikitata,Drak,filikitata.drak@example.com,761de685-189b-4eb8-85d0-d5dc758c2d26
Rochus,Wichmann,rochus.wichmann@example.com,17eded84-0a0b-4bc5-bcf8-bc29775fb63f
Toligniv,Budzinovskiy,toligniv.budzinovskiy@example.com,7dab678a-54f7-47ab-aaad-e898c1a559d2
Aryan,Mo,aryan.mo@example.com,9582aac1-b962-4bef-86fd-1967d5063804
Idunn,Holmen,idunn.holmen@example.com,4de93374-2e60-4ef2-a748-bf7844d5da9d
باران,زارعی,brn.zraay@example.com,a790820d-909d-4246-8d97-62bd2028ffbe
Bianca,Patiño,bianca.patino@example.com,f214effd-5850-4926-b9e7-14d9ae809187
Gabrielle,Young,gabrielle.young@example.com,ef285bc3-c1ef-4342-874c-421ef2574c21
حامد,یاسمی,hmd.ysmy@example.com,a28a9c26-16af-4427-9973-2b07e7f12211
Leana,Sander,leana.sander@example.com,fc9aea95-2655-4415-b250-491fd022c312
Maria,Moore,maria.moore@example.com,45f51c6e-21f1-4ca8-91e0-42e36c103474
Deniz,Dağlaroğlu,deniz.daglaroglu@example.com,9b8e9d0f-ca19-42cb-b64a-4a8c3fa26821
Jacob,Crawford,jacob.crawford@example.com,d06024e8-141b-4d53-aa8d-181dd831d0e0
Gladys,Peterson,gladys.peterson@example.com,846bb266-982f-482a-9100-972629522982
Matteüs,Tuijn,matteus.tuijn@example.com,1155455a-c75a-4a16-a128-6276aa6fe9d9
Adela,Galván,adela.galvan@example.com,8006b40b-0207-4f52-ad69-0ef47c71d1e7
Julia,Koskinen,julia.koskinen@example.com,f2ba68a8-bf28-4a2a-a1bf-535062c66ca9
Ferdinand,Hannestad,ferdinand.hannestad@example.com,8b00f33b-ade8-4507-b183-3da4f9a6cce8
Israel,Regalado,israel.regalado@example.com,dc0b6d63-57d6-4779-8ae4-d927add755c4
Miriam,Alcaraz,miriam.alcaraz@example.com,6f7b63b7-8941-4bbc-80f8-4448ed639e02
Nathalie,Braastad,nathalie.braastad@example.com,186f01a5-29b6-4f41-8cbe-bd9cc58fa5eb
Deniz,Tuğluk,deniz.tugluk@example.com,da5014d7-4377-47bd-aef0-93bbe0781b4c
Ylva,Hanstad,ylva.hanstad@example.com,524ec61c-6c2b-4902-a6b9-a5fbe643195d
Daniel,Taylor,daniel.taylor@example.com,3a160101-f5bb-4282-8611-3fdcf6d78dab
Đoka,Rakić,doka.rakic@example.com,a964ace8-79ed-4c5b-b8d7-17fec2ead513
Jayden,Thompson,jayden.thompson@example.com,3239b88a-dc8c-4da1-bac4-656488b8d842
Mirjana,Ćirić,mirjana.ciric@example.com,50c85382-af41-41b4-92e2-ceaffeb8dc64
Mangala,Kaur,mangala.kaur@example.com,15bdcd63-787a-4169-be58-1ed505e6789e
Brennan,Russell,brennan.russell@example.com,4314e7b3-cf14-4a86-901d-fcb68999a578
Mila,Filipović,mila.filipovic@example.com,d35f495f-4739-4912-b54c-17047f106565
Veena,Anchan,veena.anchan@example.com,230f86ed-0684-4e6d-8ef9-db17f879347d
Jessica,Morris,jessica.morris@example.com,8e02c1fd-d8ad-402a-a3df-eedaacbf942d
Tormod,Veiby,tormod.veiby@example.com,f1456bde-bc74-4c56-a91f-8e3e08718598
Adilson,De Leest,adilson.deleest@example.com,9d035725-82eb-4ff9-9597-88031b9fd6be
Hillie,Mimpen,hillie.mimpen@example.com,6d629f90-6bd6-4dbf-bd84-ef98d64b4f76
Tony,Lacroix,tony.lacroix@example.com,b985b7e3-164e-4d1c-bfce-020d81d685ab
Phoebe,Hudson,phoebe.hudson@example.com,12ca5fda-aab8-4291-bbee-1e5455e11714
Jovana,Miljković,jovana.miljkovic@example.com,adcba238-851d-41ce-9787-ad13aa9705b5
Bilel,Endeman,bilel.endeman@example.com,2b8f278f-3409-4bd4-a974-0c492a648c1c
Vicente,Vázquez,vicente.vazquez@example.com,dc7cb922-4173-4d2c-99eb-707ea0548183
Gerwin,Scheerer,gerwin.scheerer@example.com,a73dba87-667a-4e0e-94ff-fe73475c5ea0
Albert,Fuller,albert.fuller@example.com,c0f3b6f2-c206-40b3-bbd2-6934c59ed6ad
Andro,Oonincx,andro.oonincx@example.com,aade1310-6c63-4e91-83ad-9c0ab62bc17a
Patricia,Méndez,patricia.mendez@example.com,a386aa17-6e17-4539-957f-5dbe826de2dc
Kim,Warren,kim.warren@example.com,621bae59-881d-4057-9583-611da0ad3aa1
Domna,Gorovenko,domna.gorovenko@example.com,cc892d34-2003-442b-a911-33b9c068fa4b
Pamela,Rolland,pamela.rolland@example.com,e0282563-b554-4693-8b0c-309537033b19
Nevaeh,Smith,nevaeh.smith@example.com,11572b61-2991-495f-92f9-2d384f986b75
Özsu,Erdoğan,ozsu.erdogan@example.com,5c3b1c76-3e7f-4703-8c21-057d869a93db
Stella,Zhang,stella.zhang@example.com,5e730b6c-33af-402e-a82c-2000cf7be0b0
Deborah,Dufour,deborah.dufour@example.com,18a19720-fab7-47b1-96d0-a29031bba50a
Esther,Arguello,esther.arguello@example.com,8e7e8bc7-2b4f-47cb-95cf-9ea6d1dc0478
August,Rasmussen,august.rasmussen@example.com,9d863477-443e-4610-b3a4-f2aeb5506907
Mariken,Zoutman,mariken.zoutman@example.com,37ba1466-71ab-4494-8d34-f50561695f3b
میلاد,نجاتی,myld.njty@example.com,4c243e6a-e467-45fe-92b9-50de9d30fcff
Julia,Wiita,julia.wiita@example.com,4effc0e7-d01b-4bdf-bee5-2705782fec5a
Özkan,Elmastaşoğlu,ozkan.elmastasoglu@example.com,7d15db55-46ce-42ee-85cb-7edeb6158c25
Oliver,Rey,oliver.rey@example.com,825f9918-4281-4603-826d-6a6212d83873
Maeva,Walker,maeva.walker@example.com,4fca957b-988d-467c-8170-9c9fd5e13840
Parv,Chiplunkar,parv.chiplunkar@example.com,cdc6139a-8856-4f00-98e5-b01d1d6b6da0
Samuel,Louis,samuel.louis@example.com,44d566fa-25cb-470c-8a6e-a1a1100d33d5
Carla,Flores,carla.flores@example.com,397eac0d-7e16-4616-94a1-6b481a4eb973
Ruslana,Obradović,ruslana.obradovic@example.com,f89f180f-8421-4be1-92bf-e3321443f12e
Leon,Oliver,leon.oliver@example.com,4b36eefc-22b9-4ebb-9050-a37ac5594721
Eemeli,Kari,eemeli.kari@example.com,d3f8aff4-023a-423b-a22d-fc57f7f0a675
Sedef,Ilıcalı,sedef.ilicali@example.com,28e4f95a-2326-443d-b079-12f2d4a52086
Linnea,Kyllonen,linnea.kyllonen@example.com,8d961297-7bc5-4a14-81df-8da9eb253760
Kenan,Tüzün,kenan.tuzun@example.com,c8bd6457-eacf-481a-960c-bf26a78258a8
پوریا,سالاری,pwry.slry@example.com,27528902-db0d-41f1-8fcf-17afabb50f6c
Vitomir,Cherednik,vitomir.cherednik@example.com,83bfd423-dab4-49a1-b01a-adacbecf1fdd
Tanya,Both,tanya.both@example.com,7523bec5-a727-4798-81de-74c2db3c3b6d
Roland,Johnston,roland.johnston@example.com,528737c8-041f-4338-88c6-a6ecf597e0e2
یاسمن,موسوی,ysmn.mwswy@example.com,ff6766d0-a690-4610-a313-dd7712344c2b
Tonya,Simpson,tonya.simpson@example.com,7927af12-b978-4a8f-aeee-08e7e03d34ad
Debra,Turner,debra.turner@example.com,c012510d-e7c6-489c-838e-f1f44d11b333
Oumnia,Doornenbal,oumnia.doornenbal@example.com,d57db89a-d807-4cc9-838b-1bd0b64502af
Caitlin,Ford,caitlin.ford@example.com,b9c566dc-a53c-45ee-91f2-ec5a1f52ea28
بهاره,حیدری,bhrh.hydry@example.com,130e04dc-7900-4175-8989-8be5d104fc80
Leanne,Graham,Sincere@april.biz,1
Ervin,Howell,Shanna@melissa.tv,2
Clementine,Bauch,Nathan@yesenia.net,3
Patricia,Lebsack,Julianne.OConner@kory.org,4
Chelsey,Dietrich,Lucio_Hettinger@annie.ca,5
Mrs.,Dennis Schulist,Karley_Dach@jasper.info,6
Kurtis,Weissnat,Telly.Hoeger@billy.biz,7
Nicholas,Runolfsdottir V,Sherwood@rosamond.me,8
Glenna,Reichert,Chaim_McDermott@dana.io,9
Clementina,DuBuque,Rey.Padberg@karina.biz,10
,,,0
,,,0
,,,0
,,,0
,,,0
,,,0
,,,0
,,,0
,,,0
,,,0
,,,0
,,,0
,,,0
,,,0
,,,0
,,,0
,,,0
,,,0
,,,0
,,,0
,,,0
,,,0
,,,0
,,,0
,,,0
,,,0
,,,0
,,,0
,,,0
,,,0
,,george.bluth@reqres.in,1
,,janet.weaver@reqres.in,2
,,emma.wong@reqres.in,3
,,eve.holt@reqres.in,4
,,charles.morris@reqres.in,5
,,tracey.ramos@reqres.in,6
